3526015186182660,Carl,Gomez,M,204 Cohen Meadow Suite 976,Hathaway Pines,CA,95233,38.1919,-120.3644,Data processing manager,1958-10-12T00:00:00.000+05:30,"","",66
4170242670039980,Rebecca,Trujillo,F,242 Cody Pass,Colstrip,MT,59323,45.9344,-106.6368,Air broker,1983-08-09T00:00:00.000+05:30,"","",41
4006862159277,Cheryl,Rice,F,0771 Solis Road Apt. 469,Brooklyn,NY,11228,40.6174,-74.0121,Tourism officer,1957-07-24T00:00:00.000+05:30,"","",67
3593533875650650,Cindy,Ray,F,09110 Marie Run,Oswego,IL,60543,41.6849,-88.3453,Magazine features editor,1994-12-24T00:00:00.000+05:30,"","",30
5421885738881170,Jeremy,Torres,M,81823 Karen Haven,Lewis Center,OH,43035,40.1879,-82.9878,"Designer, industrial/product",1995-11-06T00:00:00.000+05:30,"","",29
4048725581466250,Theresa,Cole,F,431 Walker Via,Chicago,IL,60601,41.8858,-87.6181,Retail banker,1950-12-28T00:00:00.000+05:30,"","",74
4092259246729,Krystal,Harper,F,8905 Jones Road Apt. 997,Sperry,IA,52650,40.9419,-91.185,"Conservation officer, nature",1960-11-02T00:00:00.000+05:30,"","",64
5417459284978540,Angel,Smith,M,3472 Knight Loop,Livonia,NY,14487,42.8135,-77.6635,Landscape architect,1955-04-29T00:00:00.000+05:30,"","",70
6011779269963760,Jennifer,Harvey,F,85395 Elizabeth Spurs,Catron,MO,63833,36.6876,-89.7706,Personnel officer,1980-09-18T00:00:00.000+05:30,"","",44
30405027360515,Monica,Brown,F,39422 Chloe Court,Myers Flat,CA,95554,40.2841,-123.7945,"Designer, fashion/clothing",1948-01-14T00:00:00.000+05:30,"","",77
6546851067101920,Brianna,Mercer,F,889 Gonzales Locks Suite 512,Peoria,IL,61607,40.6321,-89.6903,Event organiser,1929-05-23T00:00:00.000+05:53,"","",95
4483018920250,Helen,Strong,F,38381 Lindsay Lights,La Plata,NM,87418,36.9576,-108.1792,"Engineer, electronics",1989-08-09T00:00:00.000+05:30,"","",35
379684560931689,Cindy,Martin,F,18202 Sandra Bridge Suite 869,Ashland,NE,68003,41.0541,-96.3904,"Editor, film/video",1942-06-18T00:00:00.000+05:30,"","",82
4361646620879130,Kimberly,Hudson,F,623 Mills Ridge,Kiamesha Lake,NY,12751,41.6838,-74.6724,Copy,1974-09-23T00:00:00.000+05:30,"","",50
30021746099829,James,Rodriguez,M,95514 Andrew Street,Elk Point,SD,57025,42.7382,-96.687,Chiropractor,1953-07-29T00:00:00.000+05:30,"","",71
5590294502817010,Kathleen,Maldonado,F,531 Hammond Stream Apt. 068,Burnet,TX,78611,30.7766,-98.2642,Television camera operator,1951-06-18T00:00:00.000+05:30,"","",73
676165681542,John,Garcia,M,34153 Maria Mountain,Salem,OR,97302,44.9039,-123.0445,Human resources officer,1954-07-04T00:00:00.000+05:30,"","",70
6011537727192490,James,Walker,M,53031 Thomas Run Suite 494,Lansing,KS,66043,39.2502,-94.8994,"Producer, radio",1972-06-21T00:00:00.000+05:30,"","",52
30157941709315,Maurice,Simon,M,031 Jessica Harbor Suite 104,Caledonia,MN,55921,43.6221,-91.4837,Hydrographic surveyor,1974-11-04T00:00:00.000+05:30,"","",50
180094108369013,John,Holland,M,630 Christina Harbor,Zephyr Cove,NV,89448,39.0204,-119.9114,Geophysical data processor,1949-12-29T00:00:00.000+05:30,"","",75
5132731018032800,Scott,Robertson,M,7416 Nicholas Flats,Lemitar,NM,87823,34.156,-106.9044,Private music teacher,1949-03-25T00:00:00.000+05:30,"","",76
349326734419590,Timothy,Gibson,M,708 Mitchell Keys,Thayer,KS,66776,37.4527,-95.4671,Leisure centre manager,1982-05-03T00:00:00.000+05:30,"","",42
5157436163845240,Sara,Crawford,F,352 Armstrong Centers Suite 279,Bakersfield,CA,93311,35.3039,-119.1056,Archivist,1991-07-06T00:00:00.000+05:30,"","",33
30170394853324,Kevin,Martin,M,40514 Diana Expressway Suite 789,Savannah,NY,13146,43.0934,-76.7565,"Scientist, physiological",1973-07-08T00:00:00.000+05:30,"","",51
6011165671471310,Devin,Hunter,M,327 Franco Mountain,San Francisco,CA,94109,37.7917,-122.4186,Arts development officer,1959-02-12T00:00:00.000+05:30,"","",66
370763211656868,Jeffrey,Garza,M,4032 Burnett Causeway,Chicago,IL,60603,41.8798,-87.6285,"Nurse, adult",1976-12-09T00:00:00.000+05:30,"","",48
3561758568398100,Krystal,Chan,F,1085 Jerry Villages,Paterson,NJ,7522,40.9252,-74.1781,Electronics engineer,1958-12-28T00:00:00.000+05:30,"","",66
4037295225657270,Antonio,Garcia,M,2145 Chad Viaduct,Wray,CO,80758,40.0685,-102.393,Advertising account executive,1978-09-17T00:00:00.000+05:30,"","",46
30300776786251,John,Brown,M,79481 Potter Ville Suite 885,Francitas,TX,77961,28.8652,-96.3618,"Engineer, civil (contracting)",1973-08-14T00:00:00.000+05:30,"","",51
675985166411,Rebecca,Brown,F,4211 Sanders Orchard Apt. 124,Madrid,NY,13660,44.769,-75.1413,Building surveyor,1975-12-19T00:00:00.000+05:30,"","",49
5264302655249850,Daniel,Perry,M,756 Benjamin Locks Suite 330,Hamilton,MS,39746,33.8011,-88.4478,"Engineer, control and instrumentation",1924-06-21T00:00:00.000+05:53,"","",100
374115112731710,Joseph,Steele,M,99597 Craig Spur Suite 430,Goldfield,NV,89013,37.8344,-117.2694,Data scientist,1978-05-06T00:00:00.000+05:30,"","",46
4361355512072,Matthew,Nelson,M,13242 Jackson Landing,Hendrum,MN,56550,47.2689,-96.7988,"Programme researcher, broadcasting/film/video",1987-07-14T00:00:00.000+05:30,"","",37
4641003399120410,Tiffany,Russell,F,51848 Brittany Highway Apt. 021,Garrison,IA,52229,42.1588,-92.1644,Human resources officer,1977-05-07T00:00:00.000+05:30,"","",47
4354778868658080,Melissa,Baldwin,F,6116 Simon Drive,Chicago,IL,60657,41.9399,-87.6528,Technical author,1983-08-09T00:00:00.000+05:30,"","",41
5157595343543280,Stephanie,Martin,F,7068 Williams Highway Apt. 457,Bruni,TX,78344,27.4295,-98.8385,Senior tax professional/tax inspector,1973-01-08T00:00:00.000+05:30,"","",52
501892391613,Jennifer,Roman,F,14016 Young Hills,Rock River,WY,82083,41.7461,-105.9746,"Engineer, structural",2002-10-27T00:00:00.000+05:30,"","",22
4515092388857440,Timothy,Silva,M,1339 Matthew View,Port Clinton,OH,43452,41.5583,-83.0502,"Psychologist, counselling",1939-04-29T00:00:00.000+05:53,"","",86
342823590771707,Stephen,Miller,M,427 Monica Plaza Apt. 287,Charlotte,NC,28277,35.0552,-80.8195,Building surveyor,1969-08-13T00:00:00.000+05:30,"","",55
180036251237802,Melissa,James,F,537 Bryant Mall,Salt Lick,KY,40371,38.104,-83.6316,"Psychologist, forensic",1956-07-20T00:00:00.000+05:30,"","",68
4368593032190500,Carla,Fleming,F,9667 Brown Club Suite 507,Spring City,PA,19475,40.1765,-75.5697,"Engineer, chemical",1961-05-21T00:00:00.000+05:30,"","",63
341559343212109,Nathaniel,Wiggins,M,0171 Travis Course,Terre Haute,IN,47809,39.471,-87.4111,Education administrator,1945-05-16T00:00:00.000+06:30,"","",79
348933408404369,Holly,Martinez,F,453 Keith Lake Apt. 539,Dublin,GA,31021,32.4593,-82.9381,Purchasing manager,1940-11-25T00:00:00.000+05:53,"","",84
4765125568595790,Louis,Gibson,M,218 Hernandez Brook,Sperryville,VA,22740,38.6203,-78.2466,Clinical biochemist,1942-02-11T00:00:00.000+06:30,"","",83
676331132040,Jonathan,Flores,M,01416 Moore Haven,Richford,VT,5476,44.9715,-72.6905,Wellsite geologist,1966-07-07T00:00:00.000+05:30,"","",58
38535403302699,William,Reed,M,334 Adam Lodge Suite 340,London,OH,43140,39.9001,-83.4439,Insurance risk surveyor,1970-04-17T00:00:00.000+05:30,"","",55
30260722249657,Debra,Davis,F,566 Reed Well,Canton,MI,48188,42.291,-83.465,"Teacher, special educational needs",1998-03-02T00:00:00.000+05:30,"","",27
4738555317386140,John,Peterson,M,11713 Melissa Isle,Florence,AL,35633,34.8825,-87.7398,Osteopath,1982-03-17T00:00:00.000+05:30,"","",43
4550801576257,Sarah,Parsons,F,87839 Taylor Keys Suite 844,Erie,PA,16503,42.1265,-80.064,"Administrator, sports",1955-06-21T00:00:00.000+05:30,"","",69
6011047554247850,Carl,Lynch,M,626 Ronald Hills,Orlando,FL,32811,28.5163,-81.4516,"Accountant, chartered public finance",1940-05-18T00:00:00.000+05:53,"","",84
